{
    "F_PU1": {
        "S_PU2": -0.6274312153863637,
        "P_J269": -0.9999993094132056
    },
    "F_PU2": {
        "S_PU2": 0.6515064255089557,
        "P_J280": -0.9630342990274392
    },
    "S_PU2": {
        "F_PU1": -0.6274312153863637,
        "F_PU2": 0.6515064255089557,
        "P_J280": -0.6274449831981528,
        "P_J269": 0.6274311908601918
    },
    "F_PU4": {
        "S_PU4": 0.8557290867438797
    },
    "S_PU4": {
        "F_PU4": 0.8557290867438797,
        "P_J256": 0.6985877622308216
    },
    "F_PU6": {
        "S_PU6": 0.9995714591618078
    },
    "S_PU6": {
        "F_PU6": 0.9995714591618078
    },
    "F_PU8": {
        "S_PU8": 0.7593757899393263
    },
    "S_PU8": {
        "F_PU8": 0.7593757899393263,
        "P_J302": -0.6422039282283167,
        "P_J306": 0.6942908438671113,
        "P_J307": -0.6397127993722649
    },
    "F_PU11": {
        "S_PU11": 0.9999143652321274
    },
    "S_PU11": {
        "F_PU11": 0.9999143652321274
    },
    "F_V2": {
        "S_V2": 0.6529167240708429
    },
    "S_V2": {
        "F_V2": 0.6529167240708429,
        "P_J14": -0.6285176259001123
    },
    "P_J280": {
        "F_PU2": -0.9630342990274392,
        "S_PU2": -0.6274449831981528
    },
    "P_J269": {
        "F_PU1": -0.9999993094132056,
        "S_PU2": 0.6274311908601918
    },
    "P_J300": {
        "P_J289": 0.988609198873056,
        "P_J422": 0.9331096404822453
    },
    "P_J256": {
        "S_PU4": 0.6985877622308216
    },
    "P_J289": {
        "P_J300": 0.988609198873056,
        "P_J422": 0.9414470319913559
    },
    "P_J302": {
        "S_PU8": -0.6422039282283167,
        "P_J307": 0.9966545381426198
    },
    "P_J306": {
        "S_PU8": 0.6942908438671113
    },
    "P_J307": {
        "S_PU8": -0.6397127993722649,
        "P_J302": 0.9966545381426198
    },
    "P_J14": {
        "S_V2": -0.6285176259001123
    },
    "P_J422": {
        "P_J300": 0.9331096404822453,
        "P_J289": 0.9414470319913559
    }
}