{
    "FLOW.PUMP1": {
        "TANKLEVEL.DEFECT": -0.762134868022082,
        "TANKLEVEL.HIGH": -0.762134868022082
    },
    "FLOW.PUMP2": {
        "TANKLEVEL.DEFECT": -0.5715239108538546,
        "TANKLEVEL.HIGH": -0.5715239108538546
    },
    "FLOW.PUMP3": {
        "TANKLEVEL.DEFECT": -0.762134868022082,
        "TANKLEVEL.HIGH": -0.762134868022082
    },
    "OUTPUTFLOW": {
        "STATE.PUMP1": 0.7628341352112654,
        "STATE.PUMP2": 0.8052827625429052,
        "STATE.PUMP3": 0.7791201304430125,
        "STATE.PUMP4": 0.7971955106352705,
        "CURRENT.FLOW.PUMP1": 0.7684449657423298,
        "CURRENT.FLOW.PUMP2": 0.8153802613019625,
        "CURRENT.FLOW.PUMP3": 0.7847995750660023,
        "CURRENT.FLOW.PUMP4": 0.7971955106352705
    },
    "OUTPUTVALVE.FDC.CLOSE": {
        "RESERVETANKVOLUME.DEFECT": 0.7966670369222141,
        "TANKLEVEL.DEFECT": 0.5564476237027014,
        "TANKLEVEL.HIGH": 0.5564476237027014,
        "ATT_FLAG": 0.5527715410732864
    },
    "OUTPUTVALVE.FDC.OPEN": {
        "RESERVETANKVOLUME.DEFECT": -0.7966670369222141,
        "TANKLEVEL.DEFECT": -0.5564476237027014,
        "TANKLEVEL.HIGH": -0.5564476237027014,
        "ATT_FLAG": -0.5527715410732864
    },
    "RESERVETANKVOLUME.DEFECT": {
        "OUTPUTVALVE.FDC.CLOSE": 0.7966670369222141,
        "OUTPUTVALVE.FDC.OPEN": -0.7966670369222141,
        "ATT_FLAG": 0.6795463157695077
    },
    "STATE.PUMP1": {
        "OUTPUTFLOW": 0.7628341352112654,
        "STATE.PUMP2": 0.5191726887031911,
        "STATE.PUMP3": 0.5274228283936416,
        "STATE.PUMP4": 0.5363986411290836,
        "CURRENT.FLOW.PUMP1": 0.9945510178204937,
        "CURRENT.FLOW.PUMP2": 0.504219949959445,
        "CURRENT.FLOW.PUMP3": 0.5203387895323156,
        "CURRENT.FLOW.PUMP4": 0.5363986411290836
    },
    "STATE.PUMP2": {
        "OUTPUTFLOW": 0.8052827625429052,
        "STATE.PUMP1": 0.5191726887031911,
        "STATE.PUMP3": 0.5444784431155315,
        "STATE.PUMP4": 0.5460716560358825,
        "CURRENT.FLOW.PUMP1": 0.5126023617304871,
        "CURRENT.FLOW.PUMP2": 0.9901513780677448,
        "CURRENT.FLOW.PUMP3": 0.537781145924409,
        "CURRENT.FLOW.PUMP4": 0.5460716560358825
    },
    "STATE.PUMP3": {
        "OUTPUTFLOW": 0.7791201304430125,
        "STATE.PUMP1": 0.5274228283936416,
        "STATE.PUMP2": 0.5444784431155315,
        "STATE.PUMP4": 0.5619693752591761,
        "CURRENT.FLOW.PUMP1": 0.5207204418957823,
        "CURRENT.FLOW.PUMP2": 0.5293324318141506,
        "CURRENT.FLOW.PUMP3": 0.994488099029281,
        "CURRENT.FLOW.PUMP4": 0.5619693752591761
    },
    "STATE.PUMP4": {
        "OUTPUTFLOW": 0.7971955106352705,
        "STATE.PUMP1": 0.5363986411290836,
        "STATE.PUMP2": 0.5460716560358825,
        "STATE.PUMP3": 0.5619693752591761,
        "CURRENT.FLOW.PUMP1": 0.5409341762457291,
        "CURRENT.FLOW.PUMP2": 0.5423305450325325,
        "CURRENT.FLOW.PUMP3": 0.5666069145791535
    },
    "TANKLEVEL.DEFECT": {
        "FLOW.PUMP1": -0.762134868022082,
        "FLOW.PUMP2": -0.5715239108538546,
        "FLOW.PUMP3": -0.762134868022082,
        "OUTPUTVALVE.FDC.CLOSE": 0.5564476237027014,
        "OUTPUTVALVE.FDC.OPEN": -0.5564476237027014,
        "ATT_FLAG": 0.7820064375690072
    },
    "TANKLEVEL.HIGH": {
        "FLOW.PUMP1": -0.762134868022082,
        "FLOW.PUMP2": -0.5715239108538546,
        "FLOW.PUMP3": -0.762134868022082,
        "OUTPUTVALVE.FDC.CLOSE": 0.5564476237027014,
        "OUTPUTVALVE.FDC.OPEN": -0.5564476237027014,
        "ATT_FLAG": 0.7820064375690072
    },
    "CURRENT.FLOW.PUMP1": {
        "OUTPUTFLOW": 0.7684449657423298,
        "STATE.PUMP1": 0.9945510178204937,
        "STATE.PUMP2": 0.5126023617304871,
        "STATE.PUMP3": 0.5207204418957823,
        "STATE.PUMP4": 0.5409341762457291,
        "CURRENT.FLOW.PUMP2": 0.5046785825311184,
        "CURRENT.FLOW.PUMP3": 0.5206473775732041,
        "CURRENT.FLOW.PUMP4": 0.5409341762457291
    },
    "CURRENT.FLOW.PUMP2": {
        "OUTPUTFLOW": 0.8153802613019625,
        "STATE.PUMP1": 0.504219949959445,
        "STATE.PUMP2": 0.9901513780677448,
        "STATE.PUMP3": 0.5293324318141506,
        "STATE.PUMP4": 0.5423305450325325,
        "CURRENT.FLOW.PUMP1": 0.5046785825311184,
        "CURRENT.FLOW.PUMP3": 0.5299420399691889,
        "CURRENT.FLOW.PUMP4": 0.5423305450325325
    },
    "CURRENT.FLOW.PUMP3": {
        "OUTPUTFLOW": 0.7847995750660023,
        "STATE.PUMP1": 0.5203387895323156,
        "STATE.PUMP2": 0.537781145924409,
        "STATE.PUMP3": 0.994488099029281,
        "STATE.PUMP4": 0.5666069145791535,
        "CURRENT.FLOW.PUMP1": 0.5206473775732041,
        "CURRENT.FLOW.PUMP2": 0.5299420399691889,
        "CURRENT.FLOW.PUMP4": 0.5666069145791535
    },
    "CURRENT.FLOW.PUMP4": {
        "OUTPUTFLOW": 0.7971955106352705,
        "STATE.PUMP1": 0.5363986411290836,
        "STATE.PUMP2": 0.5460716560358825,
        "STATE.PUMP3": 0.5619693752591761,
        "CURRENT.FLOW.PUMP1": 0.5409341762457291,
        "CURRENT.FLOW.PUMP2": 0.5423305450325325,
        "CURRENT.FLOW.PUMP3": 0.5666069145791535
    }
}